Frame Offset; Frame Index; Frame Time (ms); Time from first frame (ms)
0;5331;12.1933;0
1;5332;7.3599;12.1933002471924
2;5333;12.0883;19.5532002449036
3;5334;7.2279;31.6414999961853
4;5335;11.7485;38.8694000244141
5;5336;7.2171;50.6178998947144
6;5337;12.3344;57.835000038147
7;5338;34.6989;70.1694002151489
8;5339;12.9008;104.868298530579
9;5340;11.7176;117.76909828186
10;5341;7.6149;129.486698150635
11;5342;12.6275;137.101598262787
12;5343;7.0223;149.72909784317
13;5344;11.5467;156.751397609711
14;5345;7.404;168.298097133636
15;5346;12.1272;175.702096939087
16;5347;7.9219;187.829297065735
17;5348;11.9758;195.751196861267
18;5349;7.1989;207.726996421814
19;5350;13.3216;214.925896167755
20;5351;34.1301;228.247496128082
21;5352;20.8004;262.377596378326
22;5353;11.451;283.1779961586
23;5354;17.974;294.628996372223
24;5355;6.1023;312.60299539566
25;5356;11.3773;318.705295562744
26;5357;5.8964;330.082595825195
27;5358;12.1774;335.978995800018
28;5359;5.9503;348.156395435333
29;5360;5.8159;354.106695652008
30;5361;12.7024;359.922595500946
31;5362;6.0426;372.624995708466
32;5363;38.6593;378.667595863342
33;5364;15.6784;417.326897621155
34;5365;5.8287;433.005297660828
35;5366;12.0358;438.83399772644
36;5367;6.0418;450.869797706604
37;5368;11.157;456.911597728729
38;5369;6.4802;468.068597316742
39;5370;11.5878;474.548797130585
40;5371;5.931;486.136597156525
41;5372;5.8633;492.067596912384
42;5373;10.6819;497.930896759033
43;5374;5.7479;508.612796783447
44;5375;10.5476;514.360696792603
45;5376;5.7813;524.908296585083
46;5377;32.7777;530.689596652985
47;5378;14.6679;563.46729516983
48;5379;12.1222;578.13519525528
49;5380;6.7564;590.257395267487
50;5381;11.0445;597.013795375824
51;5382;6.0472;608.058295726776
52;5383;5.8072;614.105495929718
53;5384;11.3061;619.912695884705
54;5385;5.9925;631.218795776367
55;5386;11.6837;637.211295604706
56;5387;5.6796;648.894995212555
57;5388;11.131;654.574594974518
58;5389;5.7352;665.705594539642
59;5390;5.952;671.440794467926
60;5391;11.2311;677.39279460907
61;5392;33.2502;688.623894691467
62;5393;11.8735;721.874093055725
63;5394;5.9148;733.747592926025
64;5395;10.6114;739.662393093109
65;5396;6.0112;750.273792743683
66;5397;10.8945;756.284992694855
67;5398;6.0186;767.179492473602
68;5399;5.8276;773.198092460632
69;5400;11.5079;779.025692462921
70;5401;5.562;790.533592700958
71;5402;15.4436;796.095592498779
72;5403;5.9664;811.539192199707
73;5404;12.5748;817.505592346191
74;5405;6.3933;830.08039188385
75;5406;12.4758;836.473691940308
76;5407;32.4035;848.949491500854
77;5408;12.2835;881.352991104126
78;5409;5.8651;893.636490821838
79;5410;10.6461;899.50159072876
80;5411;6.1392;910.14769077301
81;5412;12.1912;916.286890983582
82;5413;6.1121;928.478091239929
83;5414;11.213;934.590191364288
84;5415;5.7564;945.803191661835
85;5416;5.9217;951.559591770172
86;5417;11.8339;957.481291770935
87;5418;6.0333;969.315191268921
88;5419;12.765;975.348491191864
89;5420;6.0204;988.113491535187
90;5421;5.9541;994.133891582489
91;5422;38.2238;1000.08799171448
92;5423;12.6224;1038.31179237366
93;5424;5.7013;1050.93419265747
94;5425;10.8677;1056.63549280167
95;5426;5.9737;1067.50319242477
96;5427;6.116;1073.47689247131
97;5428;11.1326;1079.59289264679
98;5429;6.2395;1090.72549247742
99;5430;11.6595;1096.96499252319
100;5431;6.1342;1108.62449264526
101;5432;10.5498;1114.75869274139
102;5433;6.1994;1125.30849266052
103;5434;6.0506;1131.50789260864
104;5435;11.5359;1137.55849266052
105;5436;6.2862;1149.09439277649
106;5437;36.05;1155.38059282303
107;5438;10.5189;1191.43059206009
108;5439;11.2519;1201.94949197769
109;5440;5.9679;1213.20139169693
110;5441;11.1106;1219.16929149628
111;5442;6.1052;1230.2798910141
112;5443;12.627;1236.38509082794
113;5444;6.1425;1249.01209068298
114;5445;10.2056;1255.15459060669
115;5446;5.6017;1265.36019039154
116;5447;5.7561;1270.96189022064
117;5448;10.9867;1276.71799039841
118;5449;5.9678;1287.70469045639
119;5450;6.281;1293.67249059677
120;5451;17.1751;1299.9534907341
121;5452;38.8718;1317.12859106064
122;5453;14.1237;1356.00039052963
123;5454;6.4831;1370.12409067154
124;5455;12.2521;1376.60719060898
125;5456;6.3374;1388.85929059982
126;5457;10.6855;1395.19669055939
127;5458;6.2799;1405.88219070435
128;5459;6.0298;1412.16209077835
129;5460;11.1576;1418.19189071655
130;5461;6.3559;1429.34949111938
131;5462;12.5702;1435.70539093018
132;5463;6.4542;1448.27559089661
133;5464;11.6748;1454.72979068756
134;5465;6.6312;1466.40459060669
135;5466;32.4635;1473.03579044342
136;5467;13.7209;1505.49929141998
137;5468;11.736;1519.22019100189
138;5469;5.9295;1530.95619106293
139;5470;11.3517;1536.88569116592
140;5471;5.7668;1548.23739099503
141;5472;5.9717;1554.00419092178
142;5473;12.3846;1559.97589111328
143;5474;6.1974;1572.36049079895
144;5475;12.0292;1578.55789089203
145;5476;5.8561;1590.58709049225
146;5477;11.5033;1596.44319057465
147;5478;5.8167;1607.94649028778
148;5479;6.1136;1613.76319026947
149;5480;13.5156;1619.87679004669
150;5481;33.9137;1633.39239025116
151;5482;14.5026;1667.30609035492
152;5483;10.7146;1681.80869007111
153;5484;5.6114;1692.52328968048
154;5485;10.6123;1698.13468980789
155;5486;5.7039;1708.74698972702
156;5487;10.574;1714.4508895874
157;5488;5.7833;1725.02488994598
158;5489;6.2249;1730.80818986893
159;5490;12.253;1737.03308963776
160;5491;6.1522;1749.28608989716
161;5492;10.6913;1755.43829011917
162;5493;5.8036;1766.12959051132
163;5494;6.3115;1771.93319034576
164;5495;12.2713;1778.24469041824
165;5496;32.6389;1790.5159907341
166;5497;17.2436;1823.15489149094
167;5498;11.3001;1840.39849233627
168;5499;6.1103;1851.69859266281
169;5500;11.8245;1857.8088927269
170;5501;5.5791;1869.63339281082
171;5502;12.032;1875.21249294281
172;5503;5.5248;1887.24449253082
173;5504;5.7239;1892.76929235458
174;5505;11.8175;1898.49319219589
175;5506;5.6376;1910.31069231033
176;5507;10.9142;1915.9482922554
177;5508;5.9916;1926.8624920845
178;5509;6.1117;1932.85409212112
179;5510;11.9091;1938.96579217911
180;5511;33.1539;1950.87489175797
181;5512;13.9838;1984.02879190445
182;5513;11.4595;1998.01259183884
183;5514;5.8388;2009.47209215164
184;5515;12.0933;2015.3108921051
185;5516;5.8483;2027.40419197083
186;5517;5.7043;2033.25249195099
187;5518;10.8797;2038.95679187775
188;5519;5.5495;2049.83649158478
189;5520;10.7388;2055.38599157333
190;5521;6.3934;2066.12479162216
191;5522;6.1564;2072.51819181442
192;5523;12.1975;2078.67459201813
193;5524;5.8464;2090.87209224701
194;5525;11.3671;2096.7184920311
195;5526;32.9073;2108.08559179306
196;5527;13.4581;2140.99289083481
197;5528;11.9155;2154.45099115372
198;5529;6.4109;2166.36649084091
199;5530;6.4971;2172.77739095688
200;5531;12.1842;2179.27449083328
201;5532;5.8548;2191.45869112015
202;5533;11.8406;2197.31349086761
203;5534;5.6659;2209.15409088135
204;5535;10.5992;2214.81999063492
205;5536;5.7645;2225.41919088364
206;5537;5.7435;2231.18369102478
207;5538;12.1327;2236.92719078064
208;5539;5.8755;2249.05989074707
209;5540;11.5729;2254.93539094925
210;5541;39.9782;2266.50829076767
211;5542;15.6972;2306.4864897728
212;5543;12.7093;2322.18368959427
213;5544;19.4361;2334.89298963547
214;5545;8.3;2354.32908964157
215;5546;13.0353;2362.62908983231
216;5547;12.4963;2375.66439008713
217;5548;7.114;2388.16068983078
218;5549;12.6383;2395.27468967438
219;5550;6.6522;2407.91298961639
220;5551;12.7983;2414.56518936157
221;5552;33.6818;2427.363489151
222;5553;13.4509;2461.04528999329
223;5554;12.4783;2474.49619007111
224;5555;6.5048;2486.97449016571
225;5556;6.9233;2493.47929000854
226;5557;12.5078;2500.40258979797
227;5558;6.6326;2512.91038990021
228;5559;12.9345;2519.54298973083
229;5560;7.042;2532.47748947144
230;5561;12.8021;2539.51948928833
231;5562;6.598;2552.32158946991
232;5563;13.1748;2558.9195895195
233;5564;7.1273;2572.09438943863
234;5565;38.0338;2579.22168922424
235;5566;14.6874;2617.25548744202
236;5567;6.9553;2631.94288730621
237;5568;12.2933;2638.89818716049
238;5569;6.569;2651.19148683548
239;5570;12.539;2657.76048660278
240;5571;6.4766;2670.29948616028
241;5572;12.7044;2676.77608633041
242;5573;7.2166;2689.48048639297
243;5574;11.4969;2696.69708633423
244;5575;6.6552;2708.19398593903
245;5576;12.3591;2714.8491859436
246;5577;6.6108;2727.2082862854
247;5578;32.5442;2733.81908607483
248;5579;13.2312;2766.36328697205
249;5580;11.6739;2779.59448719025
250;5581;6.7121;2791.26838684082
251;5582;12.3706;2797.98048686981
252;5583;7.0703;2810.35108661652
253;5584;11.8462;2817.42138671875
254;5585;6.9751;2829.26758670807
255;5586;17.6087;2836.2426867485
256;5587;7.0441;2853.85138654709
257;5588;12.8095;2860.89548635483
258;5589;6.873;2873.70498609543
259;5590;11.4098;2880.57798624039
260;5591;34.8988;2891.98778581619
261;5592;13.5829;2926.88658571243
262;5593;11.8563;2940.46948575974
263;5594;6.6998;2952.32578611374
264;5595;12.9965;2959.02558612823
265;5596;6.9175;2972.02208614349
266;5597;12.0241;2978.93958616257
267;5598;6.5993;2990.96368646622
268;5599;11.4009;2997.5629863739
269;5600;6.5929;3008.96388626099
270;5601;12.5232;3015.55678606033
271;5602;6.6873;3028.07998609543
272;5603;12.2279;3034.76728630066
273;5604;33.1699;3046.99518585205
274;5605;13.1509;3080.16508483887
275;5606;6.6348;3093.31598472595
276;5607;11.7798;3099.95078468323
277;5608;6.7125;3111.73058509827
278;5609;12.3195;3118.44308519363
279;5610;7.0787;3130.76258516312
280;5611;11.6197;3137.84128522873
281;5612;6.7735;3149.46098566055
282;5613;11.6018;3156.23448562622
283;5614;6.6157;3167.83628559113
284;5615;11.5999;3174.45198535919
285;5616;6.84;3186.05188560486
286;5617;7.0759;3192.89188575745
287;5618;37.3754;3199.96778583527
288;5619;13.0988;3237.34318637848
289;5620;6.9432;3250.44198608398
290;5621;12.8005;3257.38518619537
291;5622;6.7096;3270.18568611145
292;5623;12.4788;3276.89528608322
293;5624;7.088;3289.37408590317
294;5625;11.7135;3296.46208572388
295;5626;6.9061;3308.17558574677
296;5627;11.7304;3315.08168554306
297;5628;6.5932;3326.81208562851
298;5629;6.7705;3333.40528583527
299;5630;17.4073;3340.17578601837
300;5631;39.8711;3357.58308506012
301;5632;15.1946;3397.45418643951
302;5633;7.1177;3412.6487865448
303;5634;11.5652;3419.76648664474
304;5635;6.8506;3431.33168649673
305;5636;11.6261;3438.18228626251
306;5637;6.9045;3449.808385849
307;5638;13.1185;3456.71288585663
308;5639;7.3661;3469.83138561249
309;5640;13.1701;3477.19748544693
310;5641;6.8454;3490.36758565903
311;5642;11.5024;3497.21298551559
312;5643;33.5467;3508.71538591385
313;5644;13.6057;3542.26208543777
314;5645;12.7176;3555.86778497696
315;5646;6.5506;3568.58538484573
316;5647;13.0783;3575.13598489761
317;5648;7.4215;3588.21428442001
318;5649;12.3955;3595.63578462601
319;5650;6.8081;3608.03128480911
320;5651;12.7138;3614.83938455582
321;5652;7.0183;3627.55318498611
322;5653;13.2867;3634.57148504257
323;5654;7.2088;3647.85818529129
324;5655;12.8491;3655.06698513031
325;5656;33.0046;3667.91608524323
326;5657;14.197;3700.92068576813
327;5658;12.4655;3715.11768531799
328;5659;6.7613;3727.58318519592
329;5660;7.0704;3734.3444852829
330;5661;13.4589;3741.4148850441
331;5662;12.6697;3754.87378454208
332;5663;7.0579;3767.54348421097
333;5664;13.2229;3774.6013841629
334;5665;7.0018;3787.82428455353
335;5666;13.4438;3794.8260846138
336;5667;6.8736;3808.26988458633
337;5668;13.1441;3815.14348459244
338;5669;33.7331;3828.28758478165
339;5670;19.9325;3862.02068567276
340;5671;13.2382;3881.95318651199
341;5672;13.0657;3895.19138669968
342;5673;6.9209;3908.25708627701
343;5674;12.9875;3915.17798614502
344;5675;6.7624;3928.16548633575
345;5676;13.4752;3934.92788648605
346;5677;6.8081;3948.40308618546
347;5678;13.1224;3955.21118593216
348;5679;6.8622;3968.33358621597
349;5680;13.6059;3975.1957859993
350;5681;33.2821;3988.80168581009
351;5682;15.2016;4022.08378648758
352;5683;12.7407;4037.28538656235
353;5684;7.0366;4050.02608633041
354;5685;12.9288;4057.06268644333
355;5686;6.711;4069.99148607254
356;5687;12.3748;4076.70248603821
357;5688;6.779;4089.0772857666
358;5689;12.1229;4095.85628557205
359;5690;6.5694;4107.97918558121
360;5691;12.3122;4114.54858541489
361;5692;7.7557;4126.86078500748
362;5693;12.1582;4134.61648511887
363;5694;33.5222;4146.77468538284
364;5695;12.741;4180.29688692093
365;5696;6.2555;4193.03788709641
366;5697;12.3281;4199.29338693619
367;5698;6.5321;4211.62148714066
368;5699;12.359;4218.15358734131
369;5700;6.8131;4230.5125875473
370;5701;12.3554;4237.32568740845
371;5702;6.321;4249.6810874939
372;5703;10.7817;4256.00208759308
373;5704;14.2745;4266.78378772736
374;5705;11.2709;4281.05828762054
375;5706;5.7981;4292.32918739319
376;5707;36.8391;4298.12728738785
377;5708;12.6061;4334.96638727188
378;5709;5.5796;4347.57248735428
379;5710;5.4632;4353.15208721161
380;5711;10.3873;4358.61528730392
381;5712;10.7259;4369.00258684158
382;5713;11.3773;4379.72848653793
383;5714;6.5502;4391.10578680038
384;5715;10.5092;4397.65598678589
385;5716;5.8337;4408.16518688202
386;5717;5.3883;4413.99888706207
387;5718;10.3003;4419.38718700409
388;5719;5.7068;4429.68748664856
389;5720;10.1657;4435.39428663254
390;5721;5.7154;4445.55998659134
391;5722;32.1276;4451.2753868103
392;5723;12.0348;4483.40298843384
393;5724;11.8823;4495.43778800964
394;5725;5.4465;4507.32008838654
395;5726;5.349;4512.76658821106
396;5727;11.9464;4518.11558818817
397;5728;5.6313;4530.06198787689
398;5729;10.4533;4535.69328784943
399;5730;5.7363;4546.14658737183
400;5731;5.8753;4551.88288736343
401;5732;10.8441;4557.75818729401
402;5733;5.8681;4568.60228729248
403;5734;11.1949;4574.4703874588
404;5735;5.8797;4585.66528701782
405;5736;5.9039;4591.54498720169
406;5737;11.2552;4597.44888734818
407;5738;32.2863;4608.70408773422
408;5739;12.92;4640.9903883934
409;5740;5.83;4653.9103884697
410;5741;11.2452;4659.7403883934
411;5742;5.6434;4670.98558855057
412;5743;10.5314;4676.62898874283
413;5744;6.0656;4687.1603884697
414;5745;5.7086;4693.22598838806
415;5746;10.5956;4698.93458843231
416;5747;6.3865;4709.53018856049
417;5748;10.5411;4715.91668844223
418;5749;5.9276;4726.45778799057
419;5750;5.7477;4732.38538789749
420;5751;10.2422;4738.13308811188
421;5752;6.0784;4748.37528800964
422;5753;10.2306;4754.45368814468
423;5754;32.2925;4764.68428850174
424;5755;13.3387;4796.97678804398
425;5756;5.703;4810.31548833847
426;5757;11.6627;4816.01848840714
427;5758;6.0204;4827.68118810654
428;5759;5.6311;4833.70158815384
429;5760;11.0535;4839.3326883316
430;5761;5.5101;4850.38618850708
431;5762;9.9865;4855.89628839493
432;5763;5.5038;4865.8827881813
433;5764;12.1255;4871.38658809662
434;5765;12.1567;4883.51208782196
435;5766;11.348;4895.66878795624
436;5767;5.951;4907.01678752899
437;5768;5.6053;4912.96778774261
438;5769;39.1393;4918.57308769226
439;5770;12.9256;4957.71238899231
440;5771;5.8699;4970.63798904419
441;5772;10.9714;4976.50788879395
442;5773;5.7258;4987.47928905487
443;5774;5.8255;4993.20508909225
444;5775;11.1347;4999.0305891037
445;5776;5.7658;5010.16528892517
446;5777;11.3577;5015.93108892441
447;5778;6.4437;5027.28878927231
448;5779;5.9621;5033.73248910904
449;5780;10.0304;5039.69458913803
450;5781;5.6496;5049.72498941422
451;5782;10.9994;5055.37458944321
452;5783;5.6956;5066.37398958206
453;5784;33.1091;5072.06958961487
454;5785;12.906;5105.17868995667
455;5786;10.3431;5118.08469009399
456;5787;6.3476;5128.42778968811
457;5788;10.7732;5134.77538967133
458;5789;5.6941;5145.54858970642
459;5790;7.0577;5151.24268960953
460;5791;10.7366;5158.30038976669
461;5792;5.8836;5169.03698968887
462;5793;10.8162;5174.92058944702
463;5794;6.3806;5185.73678970337
464;5795;5.9846;5192.11738967896
465;5796;10.3489;5198.10198974609
466;5797;5.8383;5208.4508895874
467;5798;5.7631;5214.28918933868
468;5799;11.0076;5220.05228948593
469;5800;33.0227;5231.05988931656
470;5801;13.2729;5264.08259057999
471;5802;11.6121;5277.35549020767
472;5803;6.6168;5288.96758985519
473;5804;11.2957;5295.58438968658
474;5805;6.1256;5306.88008975983
475;5806;6.2271;5313.00568962097
476;5807;10.7383;5319.23278951645
477;5808;6.4563;5329.97108983994
478;5809;11.1427;5336.42738962173
479;5810;6.4912;5347.57008981705
480;5811;6.7575;5354.06128978729
481;5812;11.69;5360.81878995895
482;5813;11.1848;5372.50878953934
483;5814;39.106;5383.69358968735
484;5815;13.5449;5422.79958868027
485;5816;11.3692;5436.34448862076
486;5817;6.1661;5447.71368837357
487;5818;5.84;5453.87978839874
488;5819;12.582;5459.71978855133
489;5820;6.0528;5472.30178833008
490;5821;11.24;5478.35458850861
491;5822;6.4589;5489.59458827972
492;5823;10.5108;5496.05348825455
493;5824;6.0688;5506.56428861618
494;5825;5.8801;5512.63308858871
495;5826;11.6615;5518.51318836212
496;5827;6.3956;5530.17468833923
497;5828;38.1171;5536.5702881813
498;5829;11.9422;5574.68738794327
499;5830;6.5848;5586.6295876503
500;5831;6.247;5593.21438741684
501;5832;11.6993;5599.46138763428
502;5833;6.2417;5611.16068744659
503;5834;10.8126;5617.40238761902
504;5835;5.8063;5628.21498775482
505;5836;5.8913;5634.02128791809
506;5837;10.7148;5639.91258811951
507;5838;5.7534;5650.62738800049
508;5839;11.1153;5656.38078784943
509;5840;5.819;5667.49608802795
510;5841;6.1505;5673.31508779526
511;5842;11.6779;5679.46558761597
512;5843;32.8581;5691.1434879303
513;5844;13.0813;5724.00158882141
514;5845;10.3548;5737.08288860321
515;5846;6.0431;5747.43768882751
516;5847;6.2922;5753.48078870773
517;5848;12.0072;5759.77298879623
518;5849;6.0325;5771.78018903732
519;5850;10.8616;5777.81268882751
520;5851;6.3921;5788.67428874969
521;5852;10.7016;5795.06638860703
522;5853;6.0372;5805.76798868179
523;5854;5.8887;5811.80518865585
524;5855;11.951;5817.69388866425
525;5856;6.2433;5829.64488887787
526;5857;10.6274;5835.88818883896
527;5858;32.6858;5846.51558923721
528;5859;16.694;5879.20138788223
529;5860;10.2779;5895.89538812637
530;5861;5.9502;5906.1732878685
531;5862;5.8974;5912.12348794937
532;5863;10.536;5918.02088785172
533;5864;5.8677;5928.55688810349
534;5865;10.9153;5934.42458820343
535;5866;5.8136;5945.33988857269
536;5867;6.0847;5951.15348863602
537;5868;11.2924;5957.23818874359
538;5869;6.0336;5968.5305891037
539;5870;10.3521;5974.56418895721
540;5871;6.0181;5984.91628932953
541;5872;6.9535;5990.93438911438
542;5873;37.2733;5997.88788890839
543;5874;13.6053;6035.16118907928
544;5875;5.7262;6048.76648902893
545;5876;11.4292;6054.49268913269
546;5877;5.8417;6065.92188930511
547;5878;5.7548;6071.76358938217
548;5879;11.697;6077.51838922501
549;5880;6.3944;6089.21538877487
550;5881;10.5721;6095.60978889465
551;5882;5.9601;6106.18188858032
552;5883;6.0982;6112.14198875427
553;5884;11.1136;6118.24018859863
554;5885;6.2699;6129.35378837585
555;5886;11.2074;6135.62368822098
556;5887;6.0406;6146.83108854294
557;5888;32.1047;6152.87168836594
558;5889;12.9769;6184.97638654709
559;5890;11.472;6197.9532866478
560;5891;5.7675;6209.42528676987
561;5892;11.2998;6215.19278669357
562;5893;5.9584;6226.4925866127
563;5894;6.5221;6232.45098638535
564;5895;10.621;6238.97308635712
565;5896;6.3079;6249.59408664703
566;5897;10.3025;6255.90198659897
567;5898;5.9678;6266.20448637009
568;5899;13.1958;6272.17228651047
569;5900;10.5314;6285.36808633804
570;5901;11.3113;6295.89948606491
571;5902;32.9445;6307.21078634262
572;5903;13.527;6340.1552863121
573;5904;6.0687;6353.68228673935
574;5905;11.3336;6359.75098657608
575;5906;6.7983;6371.08458662033
576;5907;11.6242;6377.88288640976
577;5908;11.7848;6389.50708627701
578;5909;12.2521;6401.29188585281
579;5910;6.4874;6413.54398584366
580;5911;10.4235;6420.03138589859
581;5912;6.1107;6430.45488595963
582;5913;10.769;6436.56558609009
583;5914;6.9896;6447.33458614349
584;5915;8.4265;6454.32418632507
585;5916;39.426;6462.75068664551
586;5917;13.649;6502.17668533325
587;5918;11.6286;6515.8256855011
588;5919;6.6216;6527.45428562164
589;5920;6.7709;6534.07588577271
590;5921;12.1575;6540.84678554535
591;5922;6.2979;6553.00428581238
592;5923;12.2141;6559.30218601227
593;5924;5.7741;6571.5162858963
594;5925;11.4111;6577.29038572311
595;5926;6.2884;6588.70148611069
596;5927;12.1608;6594.98988628387
597;5928;6.7342;6607.15068626404
598;5929;32.4006;6613.8848862648
599;5930;12.2886;6646.28548669815
600;5931;11.0695;6658.57408666611
601;5932;6.035;6669.64358663559
602;5933;10.9752;6675.678586483
603;5934;6.1353;6686.6537861824
604;5935;6.4043;6692.78908634186
605;5936;11.3749;6699.19338655472
606;5937;6.4987;6710.56828641891
607;5938;11.4118;6717.06698656082
608;5939;6.0081;6728.47878694534
609;5940;10.9936;6734.48688697815
610;5941;5.8808;6745.48048686981
611;5942;6.0679;6751.36128664017
612;5943;10.6049;6757.42918682098
613;5944;32.1435;6768.03408718109
614;5945;12.8126;6800.17758846283
615;5946;6.1445;6812.99018859863
616;5947;12.2224;6819.13468837738
617;5948;5.9468;6831.35708808899
618;5949;10.9846;6837.30388784409
619;5950;6.0868;6848.28848791122
620;5951;10.9048;6854.37528800964
621;5952;6.0657;6865.28008842468
622;5953;6.4783;6871.34578847885
623;5954;10.6706;6877.82408857346
624;5955;6.4282;6888.49468851089
625;5956;16.719;6894.92288827896
626;5957;6.2026;6911.64188814163
627;5958;12.4809;6917.84448814392
628;5959;33.2046;6930.32538795471
629;5960;12.2765;6963.52998924255
630;5961;10.9152;6975.80648899078
631;5962;6.3106;6986.72168922424
632;5963;6.05;6993.03228902817
633;5964;10.9968;6999.0822892189
634;5965;6.232;7010.07908964157
635;5966;10.7823;7016.31108951569
636;5967;6.0078;7027.09338951111
637;5968;6.0667;7033.10118961334
638;5969;10.7517;7039.16788959503
639;5970;6.3415;7049.91958999634
640;5971;11.5278;7056.26108980179
641;5972;6.1311;7067.78888940811
642;5973;7.142;7073.91998958588
643;5974;39.1718;7081.06198978424
644;5975;12.8954;7120.2337884903
645;5976;6.1426;7133.1291885376
646;5977;12.1358;7139.27178859711
647;5978;7.3709;7151.40758895874
648;5979;11.7233;7158.77848911285
649;5980;7.1622;7170.50178909302
650;5981;12.2149;7177.66398906708
651;5982;7.101;7189.87888908386
652;5983;11.996;7196.97988891602
653;5984;6.5187;7208.97588920593
654;5985;12.723;7215.49458932877
655;5986;6.4196;7228.21758890152
656;5987;38.9496;7234.63718891144
657;5988;12.0586;7273.58678913116
658;5989;11.602;7285.64538955688
659;5990;11.4876;7297.2473897934
660;5991;6.8761;7308.73499011993
661;5992;12.3358;7315.61109018326
662;5993;6.1072;7327.94689035416
663;5994;6.1897;7334.05409049988
664;5995;12.2535;7340.24379062653
665;5996;6.345;7352.49729061127
666;5997;11.3066;7358.84229040146
667;5998;6.3386;7370.14889001846
668;5999;12.7171;7376.48749017715
669;6000;33.1416;7389.20459032059
670;6001;17.668;7422.34619188309
671;6002;11.4947;7440.01419115067
672;6003;6.5135;7451.50889158249
673;6004;11.4117;7458.02239179611
674;6005;6.3079;7469.43409204483
675;6006;12.1283;7475.74199199677
676;6007;6.5516;7487.8702917099
677;6008;11.4555;7494.4218916893
678;6009;6.925;7505.87739133835
679;6010;6.678;7512.80239152908
680;6011;12.7796;7519.48039150238
681;6012;6.5189;7532.25999164581
682;6013;11.1001;7538.77889156342
683;6014;33.9474;7549.87899112701
684;6015;13.0041;7583.82639026642
685;6016;11.3693;7596.8304901123
686;6017;6.894;7608.19979000092
687;6018;11.3478;7615.09379005432
688;6019;6.256;7626.44159030914
689;6020;6.8284;7632.6975903511
690;6021;12.3487;7639.52599048615
691;6022;6.2214;7651.87469005585
692;6023;11.5759;7658.09608983994
693;6024;6.1478;7669.67198991776
694;6025;11.5102;7675.81978988647
695;6026;6.7402;7687.32998943329
696;6027;6.8331;7694.07018947601
697;6028;38.5088;7700.90328931808
698;6029;13.4232;7739.41208982468
699;6030;6.4737;7752.8352894783
700;6031;12.0745;7759.30898952484
701;6032;6.986;7771.38348960876
702;6033;12.903;7778.3694896698
703;6034;6.7272;7791.27248954773
704;6035;12.3088;7797.99968957901
705;6036;6.4528;7810.30848932266
706;6037;11.6141;7816.76128911972
707;6038;6.2247;7828.37538862228
708;6039;13.2619;7834.60008859634
709;6040;6.9714;7847.86198854446
710;6041;39.0348;7854.83338832855
711;6042;12.5657;7893.86818981171
712;6043;12.369;7906.43388938904
713;6044;12.3006;7918.80288982391
714;6045;11.6496;7931.10348987579
715;6046;12.037;7942.75308990479
716;6047;12.1884;7954.79008960724
717;6048;6.3986;7966.97848987579
718;6049;7.1317;7973.37708997726
719;6050;11.0663;7980.50879001617
720;6051;6.4904;7991.57509040833
721;6052;12.385;7998.06549024582
722;6053;33.3174;8010.4504904747
723;6054;12.9957;8043.76788854599
724;6055;12.0752;8056.7635884285
725;6056;6.3318;8068.83878850937
726;6057;12.8361;8075.17058849335
727;6058;6.4212;8088.00668811798
728;6059;12.7554;8094.42788791656
729;6060;7.5964;8107.18328762054
730;6061;11.3401;8114.77968740463
731;6062;6.1959;8126.11978769302
732;6063;6.5628;8132.3156876564
733;6064;12.2774;8138.87848758698
734;6065;6.324;8151.15588760376
735;6066;12.1182;8157.4798874855
736;6067;32.8867;8169.59808778763
737;6068;14.066;8202.48478746414
738;6069;12.0687;8216.55078744888
739;6070;6.4434;8228.61948728561
740;6071;12.6771;8235.06288719177
741;6072;6.6027;8247.73998737335
742;6073;6.5575;8254.34268712997
743;6074;12.5284;8260.90018701553
744;6075;13.8698;8273.42858743668
745;6076;11.4786;8287.29838705063
746;6077;12.0888;8298.77698659897
747;6078;5.3716;8310.86578702927
748;6079;12.2218;8316.23738718033
749;6080;32.4955;8328.45918703079
750;6081;13.1074;8360.95468568802
751;6082;5.1896;8374.06208562851
752;6083;11.6986;8379.25168561935
753;6084;5.3906;8390.95028543472
754;6085;11.9553;8396.34088563919
755;6086;6.0026;8408.29618597031
756;6087;6.1178;8414.29878616333
757;6088;12.0732;8420.41658592224
758;6089;11.4431;8432.48978614807
759;6090;12.3292;8443.93288612366
760;6091;10.8669;8456.26208591461
761;6092;5.9057;8467.12898635864
762;6093;6.062;8473.0346865654
763;6094;37.9099;8479.09668636322
764;6095;11.6656;8517.0065870285
765;6096;5.8407;8528.6721868515
766;6097;10.9144;8534.51288700104
767;6098;5.2231;8545.42728710175
768;6099;5.3637;8550.65038728714
769;6100;10.3164;8556.01408720016
770;6101;5.4822;8566.33048677444
771;6102;5.5806;8571.81268692017
772;6103;11.1093;8577.39328670502
773;6104;5.8563;8588.50258636475
774;6105;5.6786;8594.35888624191
775;6106;12.0672;8600.03748607635
776;6107;5.6176;8612.10468578339
777;6108;11.1921;8617.72228574753
778;6109;5.7317;8628.91438531876
779;6110;37.6178;8634.6460852623
780;6111;10.5965;8672.26388692856
781;6112;10.0331;8682.86038732529
782;6113;5.6719;8692.89348745346
783;6114;11.3725;8698.56538724899
784;6115;6.1946;8709.93788766861
785;6116;10.4702;8716.1324877739
786;6117;5.4049;8726.60268735886
787;6118;5.4001;8732.00758743286
788;6119;10.8035;8737.40768718719
789;6120;5.4449;8748.21118736267
790;6121;5.2795;8753.65608739853
791;6122;11.6991;8758.93558740616
792;6123;5.414;8770.63468694687
793;6124;10.2713;8776.0486869812
794;6125;32.4575;8786.31998729706
795;6126;13.217;8818.77748775482
796;6127;5.4398;8831.99448776245
797;6128;11.0754;8837.43428754807
798;6129;6.0122;8848.50968790054
799;6130;11.4385;8854.52188777924
800;6131;5.9631;8865.96038818359
801;6132;5.851;8871.92348814011
802;6133;12.3448;8877.77448797226
803;6134;5.7201;8890.11928796768
804;6135;11.5922;8895.83938789368
805;6136;5.8067;8907.43158817291
806;6137;6.0196;8913.23828792572
807;6138;12.0327;8919.25788784027
808;6139;5.923;8931.29058742523
809;6140;43.8096;8937.21358728409
810;6141;13.5369;8981.02318811417
811;6142;11.0609;8994.56008768082
812;6143;6.0774;9005.62098741531
813;6144;5.548;9011.69838762283
814;6145;12.5273;9017.24638748169
815;6146;5.858;9029.77368736267
816;6147;11.8598;9035.63168716431
817;6148;5.578;9047.49148750305
818;6149;5.8545;9053.06948757172
819;6150;12.1134;9058.92398738861
820;6151;5.678;9071.03738689423
821;6152;12.1272;9076.71538686752
822;6153;32.4075;9088.84258699417
823;6154;12.2654;9121.25008821487
824;6155;5.9235;9133.51548814774
825;6156;11.1673;9139.43898820877
826;6157;5.7407;9150.60628843307
827;6158;11.3758;9156.34698820114
828;6159;5.4592;9167.72278833389
829;6160;5.6478;9173.18198823929
830;6161;11.6864;9178.82978820801
831;6162;5.5218;9190.51618862152
832;6163;10.4689;9196.03798866272
833;6164;5.7158;9206.50688838959
834;6165;5.6014;9212.22268819809
835;6166;12.5187;9217.82408809662
836;6167;5.9369;9230.34278774261
837;6168;11.6968;9236.27968788147
838;6169;31.7924;9247.9764881134
839;6170;13.3624;9279.76888847351
840;6171;5.4613;9293.13128852844
841;6172;12.4684;9298.59258842468
842;6173;5.8506;9311.06098842621
843;6174;12.283;9316.91158819199
844;6175;5.4179;9329.19458818436
845;6176;12.5064;9334.61248826981
846;6177;5.9131;9347.11888837814
847;6178;5.8337;9353.03198814392
848;6179;11.4598;9358.86568832397
849;6180;6.0447;9370.32548809052
850;6181;12.1598;9376.37018823624
851;6182;5.9908;9388.52998781204
852;6183;12.0975;9394.52078771591
853;6184;32.1694;9406.61828756332
854;6185;19.5436;9438.7876868248
855;6186;11.7787;9458.3312869072
856;6187;5.53;9470.10998678207
857;6188;12.2925;9475.63998699188
858;6189;5.6249;9487.93248653412
859;6190;5.6215;9493.55738639832
860;6191;11.8546;9499.17888641357
861;6192;5.4998;9511.03348636627
862;6193;11.9048;9516.5332865715
863;6194;5.325;9528.43808698654
864;6195;5.5387;9533.76308679581
865;6196;11.2125;9539.30178689957
866;6197;5.7353;9550.5142865181
867;6198;10.3127;9556.24958658218
868;6199;31.7887;9566.56228685379
869;6200;11.8417;9598.35098695755
870;6201;5.4723;9610.19268655777
871;6202;12.3284;9615.66498661041
872;6203;5.4719;9627.99338626862
873;6204;6.1329;9633.46528625488
874;6205;10.35;9639.59818601608
875;6206;5.5686;9649.94818639755
876;6207;10.2505;9655.51678657532
877;6208;5.9874;9665.76728630066
878;6209;5.7499;9671.75468635559
879;6210;13.3545;9677.50458621979
880;6211;6.0196;9690.85908603668
881;6212;10.2068;9696.87868595123
882;6213;6.5937;9707.08548545837
883;6214;5.9501;9713.67918539047
884;6215;40.9511;9719.62928533554
885;6216;13.6538;9760.58038473129
886;6217;5.7346;9774.23418474197
887;6218;11.4186;9779.96878480911
888;6219;5.5929;9791.38738489151
889;6220;11.1219;9796.98028469086
890;6221;5.6562;9808.10218429565
891;6222;5.9687;9813.75838422775
892;6223;11.9285;9819.72708415985
893;6224;5.5535;9831.65558433533
894;6225;11.2035;9837.2090845108
895;6226;5.5612;9848.41258430481
896;6227;5.5884;9853.97378444672
897;6228;11.8981;9859.5621843338
898;6229;32.3171;9871.46028423309
899;6230;11.8791;9903.777384758
900;6231;10.3358;9915.65648460388
901;6232;5.3905;9925.99228477478
902;6233;5.5282;9931.38278484344
903;6234;10.557;9936.91098499298
904;6235;11.5079;9947.4679851532
905;6236;11.8832;9958.97588539124
906;6237;5.6555;9970.85908508301
907;6238;11.7762;9976.51458501816
908;6239;5.7688;9988.29078531265
909;6240;5.5257;9994.05958509445
910;6241;11.5283;9999.58528518677
911;6242;5.2748;10011.1135854721
912;6243;11.32;10016.3883852959
913;6244;32.4804;10027.7083849907
914;6245;12.6752;10060.1887850761
915;6246;5.3875;10072.8639845848
916;6247;10.9463;10078.2514843941
917;6248;5.5085;10089.197783947
918;6249;10.3782;10094.7062840462
919;6250;5.7212;10105.0844836235
920;6251;5.7929;10110.8056836128
921;6252;9.8297;10116.5985836983
922;6253;5.8862;10126.4282832146
923;6254;5.3172;10132.3144831657
924;6255;10.2187;10137.6316833496
925;6256;5.6345;10147.8503837585
926;6257;5.6352;10153.4848837852
927;6258;10.605;10159.1200838089
928;6259;5.4988;10169.7250833511
929;6260;9.6334;10175.223883152
930;6261;31.8212;10184.8572831154
931;6262;12.9919;10216.6784825325
932;6263;5.1927;10229.6703829765
933;6264;11.7695;10234.8630828857
934;6265;5.4076;10246.6325826645
935;6266;5.8554;10252.0401825905
936;6267;10.5172;10257.8955826759
937;6268;5.3908;10268.4127821922
938;6269;12.9276;10273.8035821915
939;6270;11.5588;10286.7311820984
940;6271;11.7527;10298.289981842
941;6272;6.6452;10310.042681694
942;6273;13.1143;10316.6878814697
943;6274;6.4891;10329.8021812439
944;6275;37.2574;10336.2912812233
945;6276;12.1715;10373.548681736
946;6277;12.7736;10385.720181942
947;6278;10.4899;10398.4937815666
948;6279;6.9773;10408.9836812019
949;6280;11.7095;10415.960981369
950;6281;6.4928;10427.6704816818
951;6282;6.8378;10434.1632814407
952;6283;12.0729;10441.0010814667
953;6284;11.994;10453.0739812851
954;6285;12.1063;10465.06798172
955;6286;12.1769;10477.174282074
956;6287;33.2255;10489.3511819839
957;6288;14.6492;10522.5766801834
958;6289;12.7691;10537.2258806229
959;6290;6.4759;10549.9949808121
960;6291;12.2586;10556.4708809853
961;6292;6.7886;10568.7294812202
962;6293;11.874;10575.5180811882
963;6294;6.411;10587.3920807838
964;6295;6.6505;10593.8030805588
965;6296;12.47;10600.4535803795
966;6297;7.2805;10612.9235806465
967;6298;12.4817;10620.2040805817
968;6299;6.4654;10632.6857805252
969;6300;12.1789;10639.1511807442
970;6301;33.9718;10651.3300805092
971;6302;12.9708;10685.301882267
972;6303;10.8505;10698.2726826668
973;6304;6.3677;10709.1231827736
974;6305;11.6283;10715.4908828735
975;6306;6.4651;10727.1191825867
976;6307;6.4184;10733.5842823982
977;6308;11.5671;10740.002682209
978;6309;6.5187;10751.5697817802
979;6310;11.7871;10758.0884819031
980;6311;6.5762;10769.8755817413
981;6312;12.3898;10776.4517817497
982;6313;6.4431;10788.8415818214
983;6314;11.936;10795.284681797
984;6315;32.9609;10807.2206816673
985;6316;13.3937;10840.1815810204
986;6317;6.1548;10853.5752806664
987;6318;12.5759;10859.7300806046
988;6319;6.9612;10872.3059806824
989;6320;11.1302;10879.2671804428
990;6321;6.8296;10890.3973808289
991;6322;11.702;10897.2269806862
992;6323;6.3363;10908.9289803505
993;6324;11.3506;10915.2652802467
994;6325;6.4249;10926.6158804893
995;6326;6.6755;10933.0407805443
996;6327;11.4701;10939.7162804604
997;6328;6.3919;10951.1863808632
998;6329;42.0284;10957.5782809258
999;6330;12.6446;10999.6066813469
1000;6331;6.9576;11012.2512812614
1001;6332;11.9507;11019.2088813782
1002;6333;6.5365;11031.1595811844
1003;6334;11.2893;11037.6960811615
1004;6335;6.5577;11048.9853811264
1005;6336;10.9633;11055.5430812836
1006;6337;6.3152;11066.5063810349
1007;6338;6.398;11072.8215808868
1008;6339;12.2479;11079.2195806503
1009;6340;6.1877;11091.4674806595
1010;6341;10.7507;11097.6551804543
1011;6342;33.4796;11108.4058804512
1012;6343;12.7436;11141.8854794502
1013;6344;11.139;11154.6290793419
1014;6345;6.7492;11165.7680792809
1015;6346;6.3432;11172.5172791481
1016;6347;11.8359;11178.8604793549
1017;6348;6.2883;11190.6963796616
1018;6349;11.835;11196.9846796989
1019;6350;6.494;11208.8196797371
1020;6351;11.4317;11215.3136796951
1021;6352;6.4482;11226.7453794479
1022;6353;6.5453;11233.1935791969
1023;6354;10.8143;11239.7388792038
1024;6355;6.6654;11250.5531787872
1025;6356;12.3501;11257.2185788155
1026;6357;33.2665;11269.5686783791
1027;6358;12.6877;11302.8351769447
1028;6359;10.4667;11315.5228772163
1029;6360;7.0256;11325.9895768166
1030;6361;6.9842;11333.0151767731
1031;6362;10.8938;11339.9993767738
1032;6363;6.459;11350.8931765556
1033;6364;10.6888;11357.3521766663
1034;6365;6.6073;11368.0409765244
1035;6366;11.0031;11374.648276329
1036;6367;6.6031;11385.6513767242
1037;6368;6.4551;11392.2544765472
1038;6369;11.2464;11398.7095766068
1039;6370;6.6279;11409.9559764862
1040;6371;11.245;11416.5838766098
1041;6372;33.3931;11427.8288764954
1042;6373;19.4653;11461.2219772339
1043;6374;11.8735;11480.6872768402
1044;6375;6.4999;11492.5607767105
1045;6376;13.1077;11499.0606765747
1046;6377;6.964;11512.1683769226
1047;6378;11.7618;11519.1323766708
1048;6379;7.3747;11530.8941764832
1049;6380;11.5162;11538.2688765526
1050;6381;6.3704;11549.7850766182
1051;6382;11.9423;11556.1554765701
1052;6383;6.3197;11568.097776413
1053;6384;6.8943;11574.4174761772
1054;6385;38.2783;11581.3117761612
1055;6386;14.4221;11619.5900774002
1056;6387;6.2867;11634.0121774673
1057;6388;12.1584;11640.2988772392
1058;6389;6.245;11652.4572768211
1059;6390;12.2419;11658.7022767067
1060;6391;6.7126;11670.9441771507
1061;6392;12.6253;11677.6567769051
1062;6393;6.4389;11690.2820773125
1063;6394;10.7785;11696.7209773064
1064;6395;6.4592;11707.4994769096
1065;6396;6.6521;11713.958676815
1066;6397;11.2179;11720.6107769012
1067;6398;33.0771;11731.8286771774
1068;6399;13.7937;11764.9057760239
1069;6400;13.3652;11778.6994762421
1070;6401;7.1183;11792.0646762848
1071;6402;13.2752;11799.1829762459
1072;6403;6.6545;11812.458176136
1073;6404;12.5632;11819.1126761436
1074;6405;6.4943;11831.6758761406
1075;6406;11.9878;11838.1701760292
1076;6407;6.2277;11850.1579756737
1077;6408;11.665;11856.3856754303
1078;6409;6.2102;11868.0506753922
1079;6410;6.657;11874.2608752251
1080;6411;11.8366;11880.9178752899
1081;6412;32.6077;11892.7544755936
1082;6413;14.1125;11925.3621759415
1083;6414;11.6769;11939.4746761322
1084;6415;6.4719;11951.1515760422
1085;6416;10.7981;11957.6234760284
1086;6417;12.0699;11968.4215755463
1087;6418;11.7854;11980.4914751053
1088;6419;6.3221;11992.2768754959
1089;6420;11.7119;11998.5989756584
1090;6421;6.5068;12010.3108754158
1091;6422;11.2376;12016.8176755905
1092;6423;6.4416;12028.0552759171
1093;6424;11.4335;12034.4968757629
1094;6425;33.5455;12045.9303760529
1095;6426;13.4412;12079.4758777618
1096;6427;6.3628;12092.9170780182
1097;6428;12.1024;12099.2798781395
1098;6429;6.94;12111.3822779655
1099;6430;12.2706;12118.3222780228
1100;6431;6.3926;12130.5928783417
1101;6432;12.9888;12136.9854784012
1102;6433;6.5171;12149.97427845
1103;6434;10.6885;12156.4913783073
1104;6435;6.6594;12167.1798787117
1105;6436;6.3812;12173.839278698
1106;6437;12.0093;12180.2204785347
1107;6438;6.3112;12192.2297787666
1108;6439;41.587;12198.5409789085
1109;6440;15.767;12240.1279807091
1110;6441;14.0233;12255.8949809074
1111;6442;9.8139;12269.9182810783
1112;6443;23.8097;12279.7321810722
1113;6444;16.2129;12303.5418810844
1114;6445;15.1705;12319.7547812462
1115;6446;44.2574;12334.9252810478
1116;6447;44.9536;12379.1826815605
1117;6448;15.1388;12424.136279583
1118;6449;11.83;12439.2750792503
1119;6450;8.1111;12451.105079174
1120;6451;12.5117;12459.2161793709
1121;6452;13.1672;12471.7278790474
1122;6453;13.8818;12484.8950791359
1123;6454;13.3905;12498.7768788338
1124;6455;8.1694;12512.1673789024
1125;6456;13.4172;12520.3367791176
1126;6457;34.1797;12533.7539792061
1127;6458;16.7295;12567.9336781502
1128;6459;13.482;12584.6631779671
1129;6460;14.4972;12598.145178318
1130;6461;9.8119;12612.6423783302
1131;6462;15.5213;12622.4542784691
1132;6463;13.6249;12637.9755787849
1133;6464;8.1038;12651.6004786491
1134;6465;14.7667;12659.7042784691
1135;6466;13.9829;12674.47097826
1136;6467;36.9586;12688.4538779259
1137;6468;15.2335;12725.4124770164
1138;6469;13.6228;12740.6459765434
1139;6470;8.1581;12754.2687764168
1140;6471;14.2857;12762.426876545
1141;6472;13.259;12776.7125763893
1142;6473;7.8487;12789.9715762138
1143;6474;13.4871;12797.8202762604
1144;6475;8.2881;12811.3073759079
1145;6476;12.4316;12819.5954761505
1146;6477;7.5451;12832.0270757675
1147;6478;41.1109;12839.5721759796
1148;6479;14.652;12880.6830768585
1149;6480;13.5849;12895.3350772858
1150;6481;7.6772;12908.9199771881
1151;6482;12.3066;12916.5971770287
1152;6483;8.2329;12928.9037766457
1153;6484;13.3944;12937.1366763115
1154;6485;8.1888;12950.5310759544
1155;6486;13.1755;12958.7198758125
1156;6487;13.319;12971.8953757286
1157;6488;13.5156;12985.2143759727
1158;6489;38.6676;12998.7299761772
1159;6490;13.7857;13037.3975749016
1160;6491;7.8696;13051.1832747459
1161;6492;14.3856;13059.0528745651
1162;6493;7.9806;13073.4384746552
1163;6494;13.2964;13081.4190745354
1164;6495;12.3977;13094.7154746056
1165;6496;7.6179;13107.1131749153
1166;6497;12.5485;13114.73107481
1167;6498;7.698;13127.2795748711
1168;6499;12.521;13134.9775748253
1169;6500;8.0207;13147.4985747337
1170;6501;38.3975;13155.5192751884
1171;6502;13.5225;13193.9167742729
1172;6503;13.6153;13207.4392743111
1173;6504;13.115;13221.0545744896
1174;6505;7.5864;13234.1695742607
1175;6506;13.736;13241.7559742928
1176;6507;12.8978;13255.4919743538
1177;6508;7.7116;13268.3897738457
1178;6509;12.7674;13276.1013736725
1179;6510;8.5622;13288.8687734604
1180;6511;12.1393;13297.430973053
1181;6512;34.1292;13309.5702733994
1182;6513;15.5883;13343.699473381
1183;6514;12.9419;13359.2877731323
1184;6515;7.9535;13372.2296733856
1185;6516;12.4603;13380.1831731796
1186;6517;7.7496;13392.6434726715
1187;6518;13.068;13400.3930726051
1188;6519;8.2334;13413.4610724449
1189;6520;13.2592;13421.6944727898
1190;6521;12.1794;13434.9536728859
1191;6522;8.3119;13447.1330733299
1192;6523;12.2973;13455.4449734688
1193;6524;33.6767;13467.7422738075
1194;6525;20.212;13501.4189743996
1195;6526;12.1071;13521.6309742928
1196;6527;8.2201;13533.7380738258
1197;6528;12.516;13541.9581742287
1198;6529;12.3425;13554.4741740227
1199;6530;7.8865;13566.8166737556
1200;6531;12.2079;13574.7031736374
1201;6532;7.631;13586.9110736847
1202;6533;13.5713;13594.5420737267
1203;6534;7.9254;13608.1133732796
1204;6535;13.736;13616.0387730598
1205;6536;33.6787;13629.7747731209
1206;6537;13.9314;13663.4534726143
1207;6538;13.3939;13677.3848729134
1208;6539;7.6489;13690.778772831
1209;6540;12.5462;13698.427672863
1210;6541;7.2603;13710.9738726616
1211;6542;13.211;13718.234172821
1212;6543;7.5419;13731.4451732635
1213;6544;12.3097;13738.9870734215
1214;6545;7.9521;13751.2967734337
1215;6546;13.2256;13759.2488732338
1216;6547;7.9102;13772.4744734764
1217;6548;39.1132;13780.3846735954
1218;6549;14.3883;13819.4978747368
1219;6550;7.7289;13833.8861746788
1220;6551;12.8521;13841.6150746346
1221;6552;12.9375;13854.4671750069
1222;6553;7.5155;13867.4046750069
1223;6554;12.9984;13874.9201750755
1224;6555;7.8234;13887.91857481
1225;6556;12.0294;13895.7419748306
1226;6557;7.7306;13907.7713747025
1227;6558;12.6527;13915.5019745827
1228;6559;7.6762;13928.1546750069
1229;6560;39.2546;13935.8308749199
1230;6561;13.8374;13975.0854754448
1231;6562;7.8773;13988.9228758812
1232;6563;12.502;13996.8001756668
1233;6564;12.6915;14009.3021755219
1234;6565;11.9946;14021.9936752319
1235;6566;7.913;14033.988275528
1236;6567;13.3632;14041.9012756348
1237;6568;12.4796;14055.2644758224
1238;6569;7.9681;14067.7440757751
1239;6570;12.752;14075.7121758461
1240;6571;34.3051;14088.4641757011
1241;6572;13.8698;14122.7692751884
1242;6573;12.7806;14136.6390748024
1243;6574;7.8757;14149.4196743965
1244;6575;14.1912;14157.2953743935
1245;6576;8.9179;14171.4865746498
1246;6577;12.405;14180.4044747353
1247;6578;7.7069;14192.8094744682
1248;6579;12.3759;14200.516374588
1249;6580;7.7445;14212.8922748566
1250;6581;12.1291;14220.6367750168
1251;6582;7.4472;14232.7658748627
1252;6583;39.4075;14240.2130746841
1253;6584;13.5351;14279.6205759048
1254;6585;14.923;14293.1556758881
1255;6586;10.1661;14308.0786762238
1256;6587;10.1343;14318.2447757721
1257;6588;7.0603;14328.379076004
1258;6589;10.0357;14335.4393758774
1259;6590;6.1028;14345.4750757217
1260;6591;5.9131;14351.5778756142
1261;6592;11.2203;14357.4909753799
1262;6593;5.3261;14368.7112751007
1263;6594;5.8726;14374.0373749733
1264;6595;11.0176;14379.9099750519
1265;6596;31.9172;14390.9275751114
1266;6597;12.1999;14422.8447751999
1267;6598;12.1338;14435.0446748734
1268;6599;5.7411;14447.1784744263
1269;6600;5.8433;14452.9195742607
1270;6601;10.898;14458.7628741264
1271;6602;6.0241;14469.6608738899
1272;6603;11.4463;14475.6849737167
1273;6604;5.5842;14487.1312732697
1274;6605;6.0053;14492.715473175
1275;6606;11.9275;14498.7207732201
1276;6607;11.3379;14510.6482729912
1277;6608;11.1782;14521.9861731529
1278;6609;5.6134;14533.164372921
1279;6610;11.4815;14538.7777729034
1280;6611;32.6054;14550.2592725754
1281;6612;13.4989;14582.8646726608
1282;6613;10.9928;14596.3635730743
1283;6614;5.7298;14607.3563728333
1284;6615;5.4042;14613.0861725807
1285;6616;11.6142;14618.4903726578
1286;6617;5.5302;14630.1045722961
1287;6618;10.3678;14635.6347723007
1288;6619;5.397;14646.0025720596
1289;6620;5.6646;14651.3995718956
1290;6621;10.9883;14657.0641717911
1291;6622;5.4409;14668.0524721146
1292;6623;5.2851;14673.4933719635
1293;6624;10.3528;14678.7784719467
1294;6625;5.7488;14689.131272316
1295;6626;11.1459;14694.8800721169
1296;6627;32.5324;14706.0259718895
1297;6628;11.7505;14738.5583701134
1298;6629;5.2904;14750.3088698387
1299;6630;10.3264;14755.5992698669
1300;6631;5.4587;14765.9256696701
1301;6632;5.8242;14771.3843698502
1302;6633;11.8557;14777.2085700035
1303;6634;5.9006;14789.0642695427
1304;6635;9.7516;14794.9648694992
1305;6636;5.2984;14804.7164697647
1306;6637;5.4457;14810.0148696899
1307;6638;10.5209;14815.4605698586
1308;6639;6.0983;14825.9814696312
1309;6640;5.4371;14832.0797696114
1310;6641;11.2885;14837.516869545
1311;6642;5.4656;14848.8053693771
1312;6643;6.5818;14854.2709693909
1313;6644;10.7334;14860.8527693748
1314;6645;6.4157;14871.5861697197
1315;6646;9.7608;14878.0018696785
1316;6647;5.9747;14887.7626700401
1317;6648;5.538;14893.7373700142
1318;6649;10.0098;14899.275370121
1319;6650;5.4643;14909.2851700783
1320;6651;9.8319;14914.7494702339
1321;6652;5.4138;14924.5813698769
1322;6653;5.887;14929.9951696396
1323;6654;10.3765;14935.8821697235
1324;6655;6.0827;14946.2586698532
1325;6656;5.6862;14952.3413696289
1326;6657;10.9976;14958.0275697708
1327;6658;6.2771;14969.0251693726
1328;6659;11.4831;14975.3022694588
1329;6660;5.6356;14986.7853693962
1330;6661;5.6385;14992.4209694862
1331;6662;10.662;14998.0594696999
1332;6663;5.8068;15008.7214694023
1333;6664;15.8317;15014.5282692909
1334;6665;5.7216;15030.3599696159
1335;6666;11.164;15036.0815696716
1336;6667;5.9122;15047.2455692291
1337;6668;5.5629;15053.1577692032
1338;6669;11.5503;15058.7206692696
1339;6670;5.6865;15070.270968914
1340;6671;11.2461;15075.9574689865
1341;6672;6.3358;15087.2035694122
1342;6673;5.9688;15093.5393695831
1343;6674;11.639;15099.508169651
1344;6675;5.2241;15111.14716959
1345;6676;10.8562;15116.3712697029
1346;6677;5.4878;15127.2274699211
1347;6678;5.9752;15132.7152700424
1348;6679;10.7428;15138.6904702187
1349;6680;5.6913;15149.4332699776
1350;6681;11.6129;15155.1245698929
1351;6682;34.076;15166.7374696732
1352;6683;13.1127;15200.8134698868
1353;6684;5.9377;15213.9261693954
1354;6685;10.5784;15219.8638691902
1355;6686;5.5831;15230.4422688484
1356;6687;11.2524;15236.0253686905
1357;6688;5.8539;15247.2777690887
1358;6689;5.76;15253.1316690445
1359;6690;12.1075;15258.8916687965
1360;6691;5.8302;15270.9991688728
1361;6692;11.9572;15276.8293690681
1362;6693;5.5982;15288.7865691185
1363;6694;6.0543;15294.3847689629
1364;6695;10.4969;15300.4390687943
1365;6696;5.2683;15310.935968399
1366;6697;11.7916;15316.2042684555
1367;6698;32.1963;15327.9958686829
1368;6699;12.2146;15360.1921691895
1369;6700;5.8744;15372.4067687988
1370;6701;10.8767;15378.2811689377
1371;6702;5.7373;15389.157869339
1372;6703;11.3886;15394.8951692581
1373;6704;5.4784;15406.2837696075
1374;6705;5.8866;15411.7621693611
1375;6706;10.5697;15417.6487693787
1376;6707;5.6884;15428.2184696198
1377;6708;5.4883;15433.9068694115
1378;6709;11.0895;15439.3951692581
1379;6710;6.1079;15450.4846696854
1380;6711;11.144;15456.592569828
1381;6712;5.1498;15467.7365698814
1382;6713;5.9865;15472.8863697052
1383;6714;37.895;15478.8728694916
1384;6715;17.2542;15516.7678699493
1385;6716;6.2053;15534.022069931
1386;6717;11.09;15540.2273697853
1387;6718;5.3042;15551.3173699379
1388;6719;10.8377;15556.6215701103
1389;6720;5.4201;15567.4592700005
1390;6721;5.6199;15572.8793702126
1391;6722;10.9377;15578.4992699623
1392;6723;5.5615;15589.4369702339
1393;6724;10.6845;15594.9984703064
1394;6725;6.1833;15605.682970047
1395;6726;5.5026;15611.8662700653
1396;6727;10.5694;15617.3688702583
1397;6728;5.7482;15627.938270092
1398;6729;33.1062;15633.6864700317
1399;6730;13.6176;15666.7926712036
1400;6731;11.4798;15680.4102716446
1401;6732;6.3469;15691.8900718689
1402;6733;11.2479;15698.2369718552
1403;6734;5.344;15709.4848718643
1404;6735;9.972;15714.828871727
1405;6736;5.6097;15724.8008718491
1406;6737;5.5545;15730.410572052
1407;6738;10.0654;15735.965072155
1408;6739;5.3374;15746.0304722786
1409;6740;5.7828;15751.3678722382
1410;6741;9.9379;15757.1506724358
1411;6742;5.4469;15767.0885720253
1412;6743;5.5392;15772.5354719162
1413;6744;11.799;15778.0746717453
1414;6745;31.7577;15789.8736715317
1415;6746;12.9937;15821.6313714981
1416;6747;10.7846;15834.6250715256
1417;6748;5.6317;15845.4096717834
1418;6749;5.5831;15851.0413718224
1419;6750;9.8298;15856.6244716644
1420;6751;6.4836;15866.4542713165
1421;6752;6.0062;15872.9378714561
1422;6753;11.9953;15878.9440712929
1423;6754;5.4238;15890.9393715858
1424;6755;9.8179;15896.3631715775
1425;6756;5.4172;15906.1810712814
1426;6757;5.871;15911.5982713699
1427;6758;10.9996;15917.469271183
1428;6759;5.6574;15928.4688715935
1429;6760;5.3742;15934.1262717247
1430;6761;10.9332;15939.5004715919
1431;6762;32.4284;15950.4336714745
1432;6763;13.5094;15982.8620696068
1433;6764;10.019;15996.3714699745
1434;6765;6.2551;16006.3904700279
1435;6766;5.4396;16012.6455698013
1436;6767;15.8863;16018.0851697922
1437;6768;5.5109;16033.9714698792
1438;6769;9.9693;16039.4823698997
1439;6770;6.2361;16049.4516701698
1440;6771;10.1229;16055.6877703667
1441;6772;5.2785;16065.8106703758
1442;6773;5.677;16071.0891704559
1443;6774;9.9475;16076.7661705017
1444;6775;5.8155;16086.7136707306
1445;6776;6.0591;16092.5291705132
1446;6777;9.8256;16098.5882706642
1447;6778;32.0387;16108.4138703346
1448;6779;12.0533;16140.4525704384
1449;6780;5.2156;16152.5058703423
1450;6781;9.9469;16157.721470356
1451;6782;5.189;16167.6683707237
1452;6783;5.1574;16172.8573708534
1453;6784;9.5562;16178.0147709846
1454;6785;6.0984;16187.5709710121
1455;6786;5.2846;16193.6693711281
1456;6787;9.7206;16198.9539709091
1457;6788;5.2417;16208.6745710373
1458;6789;5.1224;16213.9162712097
1459;6790;10.0377;16219.0386710167
1460;6791;5.4002;16229.0763707161
1461;6792;9.9863;16234.4765706062
1462;6793;5.3562;16244.462870121
1463;6794;5.5487;16249.8190703392
1464;6795;10.1043;16255.367770195
1465;6796;5.0378;16265.4720697403
1466;6797;5.7396;16270.5098695755
1467;6798;10.7282;16276.2494697571
1468;6799;6.0592;16286.9776697159
1469;6800;5.4318;16293.0368695259
1470;6801;17.8736;16298.4686694145
1471;6802;11.8724;16316.3422694206
1472;6803;5.9435;16328.2146697044
1473;6804;6.5915;16334.1581697464
1474;6805;11.4875;16340.7496695518
1475;6806;6.1643;16352.2371697426
1476;6807;10.9228;16358.4014697075
1477;6808;6.5266;16369.3242697716
1478;6809;12.7241;16375.8508696556
1479;6810;8.8472;16388.5749697685
1480;6811;12.5387;16397.4221701622
1481;6812;6.6031;16409.960870266
1482;6813;10.9062;16416.563970089
1483;6814;6.2527;16427.4701704979
1484;6815;6.642;16433.7228703499
1485;6816;12.0318;16440.3648705482
1486;6817;6.2361;16452.3966708183
1487;6818;12.3781;16458.6327710152
1488;6819;6.6821;16471.0108714104
1489;6820;12.3779;16477.6929712296
1490;6821;6.8678;16490.0708713531
1491;6822;11.334;16496.9386711121
1492;6823;6.5077;16508.2726707458
1493;6824;10.8036;16514.7803707123
1494;6825;12.26;16525.5839710236
1495;6826;12.043;16537.8439712524
1496;6827;7.1812;16549.8869714737
1497;6828;11.0948;16557.0681715012
1498;6829;34.7563;16568.1629714966
1499;6830;12.3321;16602.9192695618
1500;6831;11.5282;16615.2513694763
1501;6832;6.1127;16626.7795696259
1502;6833;6.7618;16632.8922696114
1503;6834;11.9764;16639.6540694237
1504;6835;6.2268;16651.630469799
1505;6836;12.041;16657.8572697639
1506;6837;6.0871;16669.8982701302
1507;6838;11.8156;16675.9853701591
1508;6839;7.6628;16687.8009705544
1509;6840;11.677;16695.4637703896
1510;6841;7.5941;16707.1407704353
1511;6842;12.0969;16714.7348704338
1512;6843;33.4442;16726.8317704201
1513;6844;13.9673;16760.2759690285
1514;6845;6.5891;16774.2432694435
1515;6846;10.9995;16780.8323693275
1516;6847;6.5271;16791.8318696022
1517;6848;11.0584;16798.3589696884
1518;6849;6.3025;16809.4173698425
1519;6850;11.8879;16815.7198696136
1520;6851;6.3486;16827.6077699661
1521;6852;6.3582;16833.9563698769
1522;6853;11.8865;16840.3145699501
1523;6854;6.5126;16852.2010703087
1524;6855;12.0082;16858.7136702538
1525;6856;6.6949;16870.7218699455
1526;6857;39.2539;16877.4167699814
1527;6858;12.8735;16916.670668602
1528;6859;6.6123;16929.5441684723
1529;6860;10.9515;16936.1564683914
1530;6861;6.5404;16947.1079683304
1531;6862;6.366;16953.6483683586
1532;6863;12.8649;16960.0143685341
1533;6864;6.5329;16972.8792681694
1534;6865;11.6664;16979.412168026
1535;6866;6.6368;16991.0785679817
1536;6867;11.9601;16997.715367794
1537;6868;6.3355;17009.675467968
1538;6869;12.3685;17016.0109677315
1539;6870;37.8165;17028.3794674873
1540;6871;14.3194;17066.1959691048
1541;6872;11.6965;17080.5153689384
1542;6873;6.4993;17092.211868763
1543;6874;12.2431;17098.711168766
1544;6875;6.4334;17110.9542689323
1545;6876;12.5883;17117.3876690865
1546;6877;6.2345;17129.9759688377
1547;6878;13.062;17136.2104687691
1548;6879;6.4065;17149.2724690437
1549;6880;12.1273;17155.6789689064
1550;6881;6.0338;17167.8062691689
1551;6882;7.1648;17173.840069294
1552;6883;39.5081;17181.0048694611
1553;6884;12.3471;17220.5129680634
1554;6885;6.1149;17232.8600683212
1555;6886;11.7817;17238.9749684334
1556;6887;6.1929;17250.7566685677
1557;6888;11.1453;17256.9495687485
1558;6889;6.3821;17268.09486866
1559;6890;11.3326;17274.4769687653
1560;6891;6.4787;17285.8095684052
1561;6892;6.3746;17292.2882685661
1562;6893;11.8893;17298.6628684998
1563;6894;6.4223;17310.5521688461
1564;6895;12.3222;17316.974468708
1565;6896;6.6136;17329.2966685295
1566;6897;38.7263;17335.9102683067
1567;6898;14.8945;17374.6365675926
1568;6899;6.1634;17389.5310673714
1569;6900;11.3103;17395.6944675446
1570;6901;6.4702;17407.0047674179
1571;6902;6.7351;17413.4749674797
1572;6903;11.5047;17420.2100672722
1573;6904;6.3911;17431.7147669792
1574;6905;11.8208;17438.105866909
1575;6906;6.7648;17449.9266667366
1576;6907;10.6555;17456.6914668083
1577;6908;6.5698;17467.3469672203
1578;6909;6.7844;17473.9167671204
1579;6910;10.907;17480.7011671066
1580;6911;32.4675;17491.6081666946
1581;6912;14.3319;17524.0756654739
1582;6913;15.5379;17538.4075651169
1583;6914;6.6926;17553.9454650879
1584;6915;11.8028;17560.6380648613
1585;6916;6.5;17572.4408650398
1586;6917;11.4263;17578.9408650398
1587;6918;6.5963;17590.3671650887
1588;6919;11.8314;17596.9634652138
1589;6920;6.193;17608.7948651314
1590;6921;12.0972;17614.9878649712
1591;6922;6.1873;17627.0850653648
1592;6923;6.6126;17633.2723655701
1593;6924;11.6966;17639.8849654198
1594;6925;32.733;17651.5815653801
1595;6926;14.3883;17684.3145670891
1596;6927;12.0684;17698.7028670311
1597;6928;6.5099;17710.7712674141
1598;6929;12.7545;17717.2811675072
1599;6930;7.0019;17730.0356678963
1600;6931;11.9439;17737.0375680923
1601;6932;6.8604;17748.9814682007
1602;6933;12.1082;17755.8418684006
1603;6934;6.2255;17767.9500684738
1604;6935;6.3361;17774.1755685806
1605;6936;11.8534;17780.5116686821
1606;6937;6.4748;17792.3650689125
1607;6938;12.2312;17798.8398690224
1608;6939;33.1339;17811.0710692406
1609;6940;12.853;17844.2049689293
1610;6941;12.6491;17857.0579686165
1611;6942;6.573;17869.7070689201
1612;6943;12.7614;17876.2800688744
1613;6944;6.6203;17889.0414690971
1614;6945;11.2821;17895.6617689133
1615;6946;6.5753;17906.9438686371
1616;6947;6.5488;17913.5191688538
1617;6948;12.2758;17920.0679688454
1618;6949;6.6085;17932.3437685966
1619;6950;11.8845;17938.9522686005
1620;6951;6.3219;17950.8367681503
1621;6952;12.0986;17957.1586680412
1622;6953;33.3286;17969.2572684288
1623;6954;12.7049;18002.5858664513
1624;6955;11.1707;18015.2907662392
1625;6956;6.3244;18026.4614663124
1626;6957;6.78;18032.7858662605
1627;6958;16.9679;18039.5658664703
1628;6959;11.2341;18056.5337657928
1629;6960;6.3986;18067.7678661346
1630;6961;6.8406;18074.1664662361
1631;6962;11.1863;18081.0070662498
1632;6963;6.2788;18092.1933665276
1633;6964;11.2961;18098.4721665382
1634;6965;6.0744;18109.768266201
1635;6966;11.346;18115.8426661491
1636;6967;32.3282;18127.1886658669
1637;6968;13.0342;18159.5168671608
1638;6969;6.9015;18172.5510668755
1639;6970;11.2543;18179.4525666237
1640;6971;6.1838;18190.7068667412
1641;6972;10.9377;18196.8906669617
1642;6973;6.0803;18207.8283672333
1643;6974;6.3461;18213.9086670876
1644;6975;11.6916;18220.2547669411
1645;6976;6.3089;18231.946366787
1646;6977;10.7719;18238.2552666664
1647;6978;6.3024;18249.0271668434
1648;6979;10.6671;18255.3295669556
1649;6980;6.347;18265.9966669083
1650;6981;7.0215;18272.3436670303
1651;6982;37.5494;18279.365167141
1652;6983;20.4706;18316.9145674706
1653;6984;11.798;18337.3851675987
1654;6985;7.1637;18349.1831679344
1655;6986;12.4968;18356.3468680382
1656;6987;6.4836;18368.8436684608
1657;6988;12.6272;18375.3272686005
1658;6989;6.6599;18387.9544687271
1659;6990;12.4121;18394.6143689156
1660;6991;7.2853;18407.0264687538
1661;6992;6.9825;18414.3117685318
1662;6993;11.1431;18421.2942686081
1663;6994;33.4205;18432.4373683929
1664;6995;13.7446;18465.8578701019
1665;6996;14.0728;18479.6024703979
1666;6997;6.6022;18493.6752700806
1667;6998;12.0427;18500.2774701118
1668;6999;7.2533;18512.3201699257
1669;7000;12.4616;18519.5734701157
1670;7001;7.312;18532.0350704193
1671;7002;11.3091;18539.3470702171
1672;7003;11.9684;18550.6561703682
1673;7004;12.2515;18562.6245703697
1674;7005;12.5229;18574.8760704994
1675;7006;33.4538;18587.3989701271
1676;7007;13.8036;18620.8527703285
1677;7008;11.458;18634.6563706398
1678;7009;6.7951;18646.1143708229
1679;7010;6.7173;18652.909471035
1680;7011;12.754;18659.6267709732
1681;7012;6.7974;18672.3807706833
1682;7013;11.755;18679.178170681
1683;7014;6.5831;18690.9331707954
1684;7015;12.6338;18697.5162706375
1685;7016;6.7938;18710.1500701904
1686;7017;11.7277;18716.9438700676
1687;7018;6.5586;18728.6715703011
1688;7019;12.929;18735.2301702499
1689;7020;33.0708;18748.1591701508
1690;7021;14.4906;18781.229970932
1691;7022;12.1102;18795.7205705643
1692;7023;6.9817;18807.8307704926
1693;7024;11.4352;18814.8124704361
1694;7025;6.6589;18826.2476701736
1695;7026;6.6168;18832.9065699577
1696;7027;12.7703;18839.5233697891
1697;7028;6.7089;18852.2936697006
1698;7029;13.1851;18859.0025696754
1699;7030;7.1816;18872.1876692772
1700;7031;11.4148;18879.369269371
1701;7032;6.5336;18890.7840690613
1702;7033;11.2065;18897.3176689148
1703;7034;33.2522;18908.5241689682
1704;7035;13.9521;18941.7763700485
1705;7036;11.1679;18955.7284698486
1706;7037;6.7981;18966.8963699341
1707;7038;7.2152;18973.6944699287
1708;7039;11.1715;18980.9096698761
1709;7040;6.7072;18992.0811700821
1710;7041;11.12;18998.7883701324
1711;7042;6.9592;19009.908370018
1712;7043;12.1455;19016.8675699234
1713;7044;6.5432;19029.0130701065
1714;7045;12.218;19035.5562701225
1715;7046;6.9743;19047.7742705345
1716;7047;17.0279;19054.7485704422
1717;7048;33.73;19071.776471138
1718;7049;14.0569;19105.5064706802
1719;7050;12.1974;19119.5633707047
1720;7051;7.5922;19131.7607707977
1721;7052;11.1633;19139.3529706001
1722;7053;6.4534;19150.5162701607
1723;7054;12.6165;19156.9696702957
1724;7055;6.3982;19169.5861701965
1725;7056;13.1848;19175.9843702316
1726;7057;7.0592;19189.1691703796
1727;7058;11.6117;19196.2283701897
1728;7059;6.6458;19207.8400702477
1729;7060;11.6034;19214.4858703613
1730;7061;32.5401;19226.0892705917
1731;7062;13.0118;19258.6293706894
1732;7063;6.672;19271.6411705017
1733;7064;11.8851;19278.313170433
1734;7065;6.6023;19290.1982707977
1735;7066;11.0391;19296.8005709648
1736;7067;6.3685;19307.8396706581
1737;7068;7.0625;19314.208170414
1738;7069;11.9513;19321.270670414
1739;7070;6.4648;19333.2219700813
1740;7071;12.1453;19339.6867699623
1741;7072;6.3087;19351.8320698738
1742;7073;11.3012;19358.1407699585
1743;7074;6.8237;19369.4419698715
1744;7075;38.7512;19376.2656698227
1745;7076;13.542;19415.0168714523
1746;7077;6.8947;19428.5588712692
1747;7078;12.4877;19435.4535713196
1748;7079;6.5695;19447.9412708282
1749;7080;11.7425;19454.5107707977
1750;7081;6.6498;19466.2532711029
1751;7082;6.9951;19472.9030709267
1752;7083;11.2932;19479.898170948
1753;7084;6.5341;19491.1913704872
1754;7085;10.9467;19497.7254705429
1755;7086;7.0123;19508.672170639
1756;7087;12.4187;19515.6844706535
1757;7088;33.6276;19528.1031708717
1758;7089;19.1255;19561.7307724953
1759;7090;12.2524;19580.8562722206
1760;7091;6.6889;19593.1086726189
1761;7092;12.6382;19599.7975726128
1762;7093;6.9751;19612.435772419
1763;7094;12.2831;19619.4108724594
1764;7095;6.8789;19631.6939725876
1765;7096;11.2498;19638.5728726387
1766;7097;6.9939;19649.8226723671
1767;7098;12.6285;19656.8165721893
1768;7099;6.7026;19669.4450721741
1769;7100;14.2438;19676.1476721764
1770;7101;33.9601;19690.3914723396
1771;7102;12.6498;19724.3515706062
1772;7103;11.3274;19737.0013709068
1773;7104;6.5662;19748.3287711143
1774;7105;12.315;19754.8949708939
1775;7106;6.7111;19767.2099704742
1776;7107;6.4564;19773.9210705757
1777;7108;12.2285;19780.3774704933
1778;7109;6.2784;19792.6059708595
1779;7110;12.4723;19798.8843708038
1780;7111;6.4974;19811.3566703796
1781;7112;13.1701;19817.8540701866
1782;7113;6.7871;19831.0241703987
1783;7114;11.2225;19837.811270237
1784;7115;32.8733;19849.0337700844
1785;7116;14.6467;19881.9070687294
1786;7117;12.0877;19896.5537686348
1787;7118;6.5795;19908.6414685249
1788;7119;11.1918;19915.2209687233
1789;7120;6.6414;19926.4127688408
1790;7121;6.6841;19933.0541687012
1791;7122;11.3723;19939.7382688522
1792;7123;6.3196;19951.1105690002
1793;7124;11.4699;19957.4301691055
1794;7125;6.5451;19968.9000692368
1795;7126;11.6741;19975.4451694489
1796;7127;6.6663;19987.119269371
1797;7128;6.6493;19993.785569191
1798;7129;39.1169;20000.4348692894
1799;7130;14.438;20039.5517706871
1800;7131;6.7363;20053.9897704124
1801;7132;13.7137;20060.7260704041
1802;7133;11.5976;20074.4397706985
1803;7134;11.7385;20086.0373706818
1804;7135;11.1319;20097.7758703232
1805;7136;6.6101;20108.9077701569
1806;7137;12.9453;20115.5178699493
1807;7138;6.9352;20128.4631700516
1808;7139;12.8342;20135.398370266
1809;7140;6.8706;20148.2325701714
1810;7141;37.6854;20155.1031699181
1811;7142;13.6163;20192.7885680199
1812;7143;11.3726;20206.4048676491
1813;7144;12.6998;20217.7774672508
1814;7145;6.4984;20230.4772667885
1815;7146;12.432;20236.9756669998
1816;7147;6.631;20249.40766716
1817;7148;12.1495;20256.038667202
1818;7149;6.2065;20268.1881670952
1819;7150;6.6842;20274.3946671486
1820;7151;13.188;20281.0788669586
1821;7152;6.2937;20294.266866684
1822;7153;11.6763;20300.5605669022
1823;7154;33.4721;20312.236866951
1824;7155;20.4071;20345.7089662552
1825;7156;11.8654;20366.1160669327
1826;7157;13.5553;20377.981467247
1827;7158;7.0936;20391.5367670059
1828;7159;13.3802;20398.6303668022
1829;7160;7.1407;20412.0105671883
1830;7161;12.0475;20419.1512670517
1831;7162;7.4801;20431.1987667084
1832;7163;11.8765;20438.6788668633
1833;7164;7.0069;20450.555366993
1834;7165;12.8578;20457.5622668266
1835;7166;33.6021;20470.4200663567
1836;7167;13.741;20504.022166729
1837;7168;12.3117;20517.7631669044
1838;7169;7.4307;20530.0748667717
1839;7170;13.552;20537.505566597
1840;7171;8.1411;20551.0575666428
1841;7172;13.379;20559.1986665726
1842;7173;8.0717;20572.5776662827
1843;7174;19.051;20580.6493663788
1844;7175;13.876;20599.7003669739
1845;7176;7.4616;20613.5763673782
1846;7177;39.5362;20621.037967205
1847;7178;14.172;20660.5741686821
1848;7179;12.2795;20674.7461686134
1849;7180;7.39;20687.0256686211
1850;7181;7.0987;20694.4156684875
1851;7182;12.2493;20701.5143685341
1852;7183;7.402;20713.7636685371
1853;7184;11.8297;20721.1656684875
1854;7185;6.8348;20732.9953680038
1855;7186;13.0097;20739.8301677704
1856;7187;7.0011;20752.8398675919
1857;7188;12.2775;20759.8409676552
1858;7189;33.7233;20772.1184678078
1859;7190;14.357;20805.8417687416
1860;7191;11.7659;20820.1987690926
1861;7192;7.1752;20831.9646687508
1862;7193;11.4179;20839.1398687363
1863;7194;7.3038;20850.5577688217
1864;7195;13.1277;20857.8615689278
1865;7196;7.5452;20870.9892687798
1866;7197;13.1857;20878.5344686508
1867;7198;7.3858;20891.7201690674
1868;7199;11.8665;20899.1059689522
1869;7200;7.0858;20910.972468853
1870;7201;12.5534;20918.0582690239
1871;7202;33.8107;20930.6116690636
1872;7203;13.3722;20964.4223685265
1873;7204;11.8083;20977.7945685387
1874;7205;7.4322;20989.602868557
1875;7206;12.152;20997.035068512
1876;7207;7.7055;21009.1870689392
1877;7208;12.0806;21016.8925690651
1878;7209;7.2583;21028.9731688499
1879;7210;11.9485;21036.2314686775
1880;7211;7.158;21048.1799683571
1881;7212;11.348;21055.3379683495
1882;7213;7.6649;21066.6859679222
1883;7214;7.1026;21074.3508677483
1884;7215;43.1235;21081.4534678459
1885;7216;13.8769;21124.5769686699
1886;7217;12.4453;21138.4538683891
1887;7218;7.3924;21150.8991684914
1888;7219;12.9322;21158.2915682793
1889;7220;7.3201;21171.2237687111
1890;7221;11.8469;21178.5438685417
1891;7222;6.8477;21190.390768528
1892;7223;11.7752;21197.238468647
1893;7224;7.1448;21209.0136685371
1894;7225;11.87;21216.1584687233
1895;7226;7.7743;21228.0284686089
1896;7227;38.5741;21235.8027687073
1897;7228;12.4509;21274.3768692017
1898;7229;12.1641;21286.8277692795
1899;7230;12.1266;21298.9918689728
1900;7231;7.2789;21311.1184692383
1901;7232;12.5493;21318.3973693848
1902;7233;7.2401;21330.9466695786
1903;7234;11.8586;21338.1867694855
1904;7235;7.6199;21350.0453691483
1905;7236;13.1764;21357.665268898
1906;7237;7.2537;21370.8416690826
1907;7238;12.2253;21378.0953688622
1908;7239;33.9895;21390.3206686974
1909;7240;16.0782;21424.3101668358
1910;7241;13.1223;21440.3883662224
1911;7242;7.7644;21453.5106663704
1912;7243;12.5385;21461.2750663757
1913;7244;7.1459;21473.8135662079
1914;7245;13.0253;21480.9594659805
1915;7246;7.1064;21493.9847660065
1916;7247;13.8707;21501.0911660194
1917;7248;12.8986;21514.9618659019
1918;7249;7.2206;21527.8604655266
1919;7250;12.1263;21535.0810656548
1920;7251;34.3254;21547.2073655128
1921;7252;21.1203;21581.532766819
1922;7253;14.3369;21602.653067112
1923;7254;11.9936;21616.9899668694
1924;7255;7.4118;21628.983566761
1925;7256;12.6097;21636.3953666687
1926;7257;7.0216;21649.0050668716
1927;7258;12.2464;21656.0266666412
1928;7259;7.5522;21668.2730665207
1929;7260;12.8;21675.8252663612
1930;7261;7.3748;21688.625266552
1931;7262;12.1974;21696.0000667572
1932;7263;40.3082;21708.1974668503
1933;7264;15.4039;21748.5056676865
1934;7265;12.6763;21763.9095678329
1935;7266;13.5508;21776.5858678818
1936;7267;6.9496;21790.1366682053
1937;7268;12.7193;21797.086268425
1938;7269;7.3071;21809.8055686951
1939;7270;13.638;21817.1126685143
1940;7271;7.5707;21830.7506680489
1941;7272;13.3656;21838.3213682175
1942;7273;7.7275;21851.6869678497
1943;7274;40.4484;21859.4144678116
1944;7275;15.715;21899.8628664017
1945;7276;13.5324;21915.5778665543
1946;7277;7.7065;21929.1102666855
1947;7278;13.943;21936.8167667389
1948;7279;7.7552;21950.7597665787
1949;7280;14.1956;21958.5149664879
1950;7281;8.0638;21972.7105660439
1951;7282;13.8913;21980.7743659019
1952;7283;12.9689;21994.6656661034
1953;7284;7.313;22007.6345658302
1954;7285;40.5189;22014.9475660324
1955;7286;15.742;22055.4664640427
1956;7287;7.898;22071.2084636688
1957;7288;13.7028;22079.1064634323
1958;7289;13.8485;22092.8092632294
1959;7290;13.0605;22106.6577634811
1960;7291;13.774;22119.7182636261
1961;7292;8.5603;22133.4922637939
1962;7293;14.8608;22142.0525636673
1963;7294;13.7254;22156.9133634567
1964;7295;36.6203;22170.6387634277
1965;7296;16.4974;22207.2590637207
1966;7297;15.0804;22223.7564640045
1967;7298;15.067;22238.8368635178
1968;7299;11.5037;22253.9038639069
1969;7300;14.3045;22265.4075641632
1970;7301;15.3469;22279.7120637894
1971;7302;12.8416;22295.0589637756
1972;7303;7.066;22307.9005641937
1973;7304;13.7789;22314.9665641785
1974;7305;34.3832;22328.745464325
1975;7306;23.9251;22363.1286659241
1976;7307;12.4634;22387.0537662506
1977;7308;11.7694;22399.5171661377
1978;7309;6.8078;22411.2865657806
1979;7310;11.5488;22418.0943655968
1980;7311;7.0038;22429.6431651115
1981;7312;13.5515;22436.6469650269
1982;7313;6.1483;22450.1984653473
1983;7314;11.0624;22456.3467655182
1984;7315;6.1486;22467.4091653824
1985;7316;6.8809;22473.5577654839
1986;7317;38.929;22480.43866539
1987;7318;13.2104;22519.3676662445
1988;7319;6.144;22532.5780658722
1989;7320;11.0284;22538.7220659256
1990;7321;6.2775;22549.7504663467
1991;7322;12.3679;22556.0279664993
1992;7323;6.1;22568.395866394
1993;7324;18.441;22574.4958662987
1994;7325;13.1484;22592.9368662834
1995;7326;11.8416;22606.0852665901
1996;7327;11.1977;22617.9268670082
1997;7328;6.0633;22629.124566555
1998;7329;48.8653;22635.1878666878
1999;7330;0.101;22684.0531659126
